ID;Categorie;Nom;Description;Prix;NomPhoto
1;Cigarettes;Austin Blue 8*25;Format 8*25;54.00;20905_austin_blue_8_25.jpg
2;Cigarettes;Austin Red 10*20;Format 10*20;57.00;21157_austin_red_10_20.jpg
3;Cigarettes;Austin Red 4*50;Format 4*50;51.60;22515_austin_red_4_50.jpg
4;Cigarettes;Austin Red 8*25;Format 8*25;54.00;20996_austin_red_8_25.jpg
5;Cigarettes;Bastos Red Soft 8*25;Format 8*25;80.00;21038_bastos_red_soft_8_25.jpg
6;Cigarettes;Benson & Hedges Gold 10*20;Format 10*20;78.00;21231_benson___hedges_gold_10_2.jpg
7;Cigarettes;Camel Activate 10*20;Format 10*20;71.00;20906_camel_activate_10_20.jpg
8;Cigarettes;Camel Activate White 10*20;Format 10*20;71.00;21064_camel_activate_white_10_2.jpg
9;Cigarettes;Camel Filters 10*20;Format 10*20;71.00;20919_camel_filters_10_20.jpg
10;Cigarettes;Camel Filters 100s 10*20;Format 10*20;74.00;20957_camel_filters_100s_10_20.jpg
11;Cigarettes;Camel Filters 5*40;Format 5*40;65.00;20907_camel_filters_5_40.jpg
12;Cigarettes;Camel Filters 8*25;Format 8*25;70.40;21040_camel_filters_8_25.jpg
13;Cigarettes;Camel Filters 8*30;Format 8*30;84.00;20958_camel_filters_8_30.jpg
14;Cigarettes;Camel Filters Blue 10*20;Format 10*20;71.00;21039_camel_filters_blue_10_20.jpg
15;Cigarettes;Camel Filters Blue 5*40;Format 5*40;65.00;20908_camel_filters_blue_5_40.jpg
16;Cigarettes;Camel Filters Blue 8*25;Format 8*25;70.40;21077_camel_filters_blue_8_25.jpg
17;Cigarettes;Camel Filters Blue 8*30;Format 8*30;84.00;20909_camel_filters_blue_8_30.jpg
18;Cigarettes;Camel Natural Blue 10*20;Format 10*20;71.00;20999_camel_natural_blue_10_20.jpg
19;Cigarettes;Camel Natural Red 10*20;Format 10*20;71.00;20807_camel_natural_red_10_20.jpg
20;Cigarettes;Che 10*20;Format 10*20;63.00;21148_che_10_20.jpg
21;Cigarettes;Chesterfield Blue 8*25;Format 8*25;63.20;20949_chesterfield_blue_8_25.jpg
22;Cigarettes;Chesterfield Blue 8*30;Format 8*30;74.40;21056_chesterfield_blue_8_30.jpg
23;Cigarettes;Chesterfield Orange 10*20;Format 10*20;67.00;20948_chesterfield_orange_10_20.jpg
24;Cigarettes;Chesterfield Orange 8*25;Format 8*25;63.20;21057_chesterfield_orange_8_25.jpg
25;Cigarettes;Chesterfield Orange 8*30;Format 8*30;74.40;20950_chesterfield_orange_8_30.jpg
26;Cigarettes;Corset Slim Fresh 10*20;Format 10*20;55.00;21309_corset_slim_fresh_10_20.jpg
27;Cigarettes;Corset Slim Lila 10*20;Format 10*20;55.00;21232_corset_slim_lila_10_20.jpg
28;Cigarettes;Corset Slim Pink 10*20;Format 10*20;55.00;21027_corset_slim_pink_10_20.jpg
29;Cigarettes;Davidoff Classic 10*20;Format 10*20;79.00;21019_davidoff_classic_10_20.jpg
30;Cigarettes;Davidoff Gold 10*20;Format 10*20;79.00;21176_davidoff_gold_10_20.jpg
31;Cigarettes;Ducal Blue 8*30;Format 8*30;66.40;21000_ducal_blue_8_30.jpg
32;Cigarettes;Ducal Gold 8*30;Format 8*30;66.40;20912_ducal_gold_8_30.jpg
33;Cigarettes;Ducal Red 4*50;Format 4*50;54.00;20981_ducal_red_4_50.jpg
34;Cigarettes;Ducal Red 5*40;Format 5*40;54.00;21158_ducal_red_5_40.jpg
35;Cigarettes;Ducal Red 8*25;Format 8*25;56.80;20980_ducal_red_8_25.jpg
36;Cigarettes;Ducal Red 8*30;Format 8*30;66.40;20913_ducal_red_8_30.jpg
37;Cigarettes;Ducal Silver 8*30;Format 8*30;66.40;21013_ducal_silver_8_30.jpg
38;Cigarettes;Dunhill International Red 10*20;Format 10*20;88.00;20910_dunhill_international_red.jpg
39;Cigarettes;Elixyr Blue 10*20;Format 10*20;61.00;21079_elixyr_blue_10_20.jpg
40;Cigarettes;Elixyr Blue 5*40;Format 5*40;54.50;21081_elixyr_blue_5_40.jpg
41;Cigarettes;Elixyr Blue 8*25;Format 8*25;57.60;20911_elixyr_blue_8_25.jpg
42;Cigarettes;Elixyr Duo 10*20;Format 10*20;61.00;21501_elixyr_duo_10_20.jpg
43;Cigarettes;Elixyr Plus M-Type 10*20;Format 10*20;61.00;21485_elixyr_plus_m_type_10_20.jpg
44;Cigarettes;Elixyr Plus M-Type 8*25;Format 8*25;57.60;21670_elixyr_plus_m_type_8_25.jpg
45;Cigarettes;Elixyr Plus X-Type 10*20;Format 10*20;61.00;21506_elixyr_plus_x_type_10_20.jpg
46;Cigarettes;Elixyr Plus X-Type 8*25;Format 8*25;57.60;21080_elixyr_plus_x_type_8_25.jpg
47;Cigarettes;Elixyr Red 10*20;Format 10*20;61.00;20939_elixyr_red_10_20.jpg
48;Cigarettes;Elixyr Red 100s 10*20;Format 10*20;61.00;20956_elixyr_red_100s_10_20.jpg
49;Cigarettes;Elixyr Red 4*50;Format 4*50;54.40;20982_elixyr_red_4_50.jpg
50;Cigarettes;Elixyr Red 5*40;Format 5*40;54.50;20979_elixyr_red_5_40.jpg
51;Cigarettes;Elixyr Red 8*25;Format 8*25;57.60;20903_elixyr_red_8_25.jpg
52;Cigarettes;Elixyr Red 8*30;Format 8*30;67.20;20902_elixyr_red_8_30.jpg
53;Cigarettes;Fortuna Blue 8*25;Format 8*25;57.60;20900_fortuna_blue_8_25.jpg
54;Cigarettes;Fortuna Red 6*50;Format 6*50;83.40;21172_fortuna_red_6_50.jpg
55;Cigarettes;Fortuna Red 8*25;Format 8*25;57.60;20901_fortuna_red_8_25.jpg
56;Cigarettes;Gauloises Additivs Free Red 10*20;Format 10*20;65.00;22463_gauloises_additivs_free_r.jpg
57;Cigarettes;Gauloises Blondes Blue 10*20;Format 10*20;67.00;20899_gauloises_blondes_blue_10.jpg
58;Cigarettes;Gauloises Blondes Blue 6*50;Format 6*50;90.00;21147_gauloises_blondes_blue_6_.jpg
59;Cigarettes;Gauloises Blondes Blue 8*25;Format 8*25;66.40;20952_gauloises_blondes_blue_8_.jpg
60;Cigarettes;Gauloises Blondes Blue 8*30;Format 8*30;77.60;20978_gauloises_blondes_blue_8_.jpg
61;Cigarettes;Gauloises Blondes Red 10*20;Format 10*20;67.00;21023_gauloises_blondes_red_10_.jpg
62;Cigarettes;Gauloises Blondes Red 8*25;Format 8*25;66.40;21050_gauloises_blondes_red_8_2.jpg
63;Cigarettes;Gauloises Blondes Red 8*30;Format 8*30;77.60;21049_gauloises_blondes_red_8_3.jpg
64;Cigarettes;Gauloises Brunes 10*20;Format 10*20;82.00;20953_gauloises_brunes_10_20.jpg
65;Cigarettes;Gauloises Brunes Filtre 10*20;Format 10*20;82.00;21065_gauloises_brunes_filtre_1.jpg
66;Cigarettes;Gauloises Caporal Brunes 8*25;Format 8*25;80.00;21076_gauloises_caporal_brunes_.jpg
67;Cigarettes;Gauloises Gold 8*25;Format 8*25;62.40;21280_gauloises_gold_8_25.jpg
68;Cigarettes;Gitanes Filtre 10*20;Format 10*20;85.00;21445_gitanes_filtre_10_20.jpg
69;Cigarettes;John Player Additive Free 8*25;Format 8*25;59.20;20898_john_player_additive_free.jpg
70;Cigarettes;John Player Special Black 10*20;Format 10*20;62.00;20897_john_player_special_black.jpg
71;Cigarettes;John Player Special Black 100s 10*20;Format 10*20;60.00;22787_john_player_special_black.jpg
72;Cigarettes;John Player Special Blue 10*20;Format 10*20;62.00;21156_john_player_special_blue_.jpg
73;Cigarettes;John Player Special Blue 8*25;Format 8*25;59.20;21018_john_player_special_blue_.jpg
74;Cigarettes;John Player Special Blue 8*30;Format 8*30;68.80;21017_john_player_special_blue_.jpg
75;Cigarettes;John Player Special Fresh 10*20;Format 10*20;62.00;21219_john_player_special_fresh.jpg
76;Cigarettes;John Player Special Red 10*20;Format 10*20;62.00;20995_john_player_special_red_1.jpg
77;Cigarettes;John Player Special Red 4*40;Format 4*40;44.80;21154_john_player_special_red_4.jpg
78;Cigarettes;John Player Special Red 6*50;Format 6*50;84.00;21015_john_player_special_red_6.jpg
79;Cigarettes;John Player Special Red 8*25;Format 8*25;59.20;21037_john_player_special_red_8.jpg
80;Cigarettes;John Player Special Red 8*30;Format 8*30;68.80;20940_john_player_special_red_8.jpg
81;Cigarettes;Karelia Slims 10*20;Format 10*20;55.00;20951_karelia_slims_10_20.jpg
82;Cigarettes;Karelia Slims Blue 10*20;Format 10*20;55.00;21069_karelia_slims_blue_10_20.jpg
83;Cigarettes;Karelia Slims Cream Color 10*20;Format 10*20;55.00;14970_karelia_slims_cream_color.jpg
84;Cigarettes;Karelia Slims Green 10*20;Format 10*20;55.00;21171_karelia_slims_green_10_20.jpg
85;Cigarettes;Kent Surround 10*20;Format 10*20;75.00;21070_kent_surround_10_20.jpg
86;Cigarettes;Kent Surround 100s 10*20;Format 10*20;76.00;20896_kent_surround_100s_10_20.jpg
87;Cigarettes;Kent White Box 10*20;Format 10*20;75.00;21305_kent_white_box_10_20.jpg
88;Cigarettes;Lm Blue Label 10*20;Format 10*20;67.00;20888_lm_blue_label_10_20.jpg
89;Cigarettes;Lm Blue Label 8*25;Format 8*25;66.40;20964_lm_blue_label_8_25.jpg
90;Cigarettes;Lm Original Label 8*25;Format 8*25;68.80;21001_lm_original_label_8_25.jpg
91;Cigarettes;Lm Original Label 8*30;Format 8*30;80.00;21151_lm_original_label_8_30.jpg
92;Cigarettes;Lm Red Label 10*20;Format 10*20;67.00;20889_lm_red_label_10_20.jpg
93;Cigarettes;Lm Red Label 5*40;Format 5*40;60.00;22513_lm_red_label_5_40.jpg
94;Cigarettes;Lm Red Label 8*25;Format 8*25;66.40;21011_lm_red_label_8_25.jpg
95;Cigarettes;Lm Red Label 8*30;Format 8*30;80.00;21036_lm_red_label_8_30.jpg
96;Cigarettes;Lucky Strike Auth Blue 10*20;Format 10*20;68.00;21180_lucky_strike_auth_blue_10.jpg
97;Cigarettes;Lucky Strike Blue 10*20;Format 10*20;65.00;21067_lucky_strike_blue_10_20.jpg
98;Cigarettes;Lucky Strike Blue 8*25;Format 8*25;65.60;20963_lucky_strike_blue_8_25.jpg
99;Cigarettes;Lucky Strike Ice 10*20;Format 10*20;68.00;20998_lucky_strike_ice_10_20.jpg
100;Cigarettes;Lucky Strike Ice Green 10*20;Format 10*20;68.00;21025_lucky_strike_ice_green_10.jpg
101;Cigarettes;Lucky Strike Red 10*20;Format 10*20;68.00;20890_lucky_strike_red_10_20.jpg
102;Cigarettes;Lucky Strike Red 5*40;Format 5*40;61.00;21114_lucky_strike_red_5_40.jpg
103;Cigarettes;Lucky Strike Red 6*50;Format 6*50;90.00;22640_lucky_strike_red_6_50.jpg
104;Cigarettes;Lucky Strike Red 8*25;Format 8*25;65.60;20891_lucky_strike_red_8_25.jpg
105;Cigarettes;Lucky Strike Red 8*30;Format 8*30;76.80;21177_lucky_strike_red_8_30.jpg
106;Cigarettes;Lucky Strike Red Additive Free 10*20;Format 10*20;68.00;21078_lucky_strike_red_additive.jpg
107;Cigarettes;Lucky Strike Red Soft 8*25;Format 8*25;74.40;21271_lucky_strike_red_soft_8_2.jpg
108;Cigarettes;Mademoiselle Blanche 10*20;Format 10*20;59.00;21012_mademoiselle_blanche_10_2.jpg
109;Cigarettes;Mademoiselle La Bleue 10*20;Format 10*20;59.00;20965_mademoiselle_la_bleue_10_.jpg
110;Cigarettes;Mademoiselle La Bleue 10*40;Format 10*40;109.00;21464_mademoiselle_la_bleue_10_.jpg
111;Cigarettes;Mademoiselle La Fresh 10*20;Format 10*20;59.00;21026_mademoiselle_la_fresh_10_.jpg
112;Cigarettes;Mademoiselle La Fusion 10*20;Format 10*20;58.00;21240_mademoiselle_la_fusion_10.jpg
113;Cigarettes;Mademoiselle La Rose 10*20;Format 10*20;59.00;21184_mademoiselle_la_rose_10_2.jpg
114;Cigarettes;Marlboro 10*20;Format 10*20;77.00;20816_marlboro_10_20.jpg
115;Cigarettes;Marlboro 100s 10*20;Format 10*20;78.00;20893_marlboro_100s_10_20.jpg
116;Cigarettes;Marlboro 8*25;Format 8*25;76.80;21014_marlboro_8_25.jpg
117;Cigarettes;Marlboro Crafted Gold 10*20;Format 10*20;65.00;22271_marlboro_crafted_gold_10_.jpg
118;Cigarettes;Marlboro Crafted Red 10*20;Format 10*20;65.00;22270_marlboro_crafted_red_10_2.jpg
119;Cigarettes;Marlboro Flavor Mix 10*20;Format 10*20;77.00;20997_marlboro_flavor_mix_10_20.jpg
120;Cigarettes;Marlboro Gold 10*20;Format 10*20;77.00;21010_marlboro_gold_10_20.jpg
121;Cigarettes;Marlboro Gold 100s 10*20;Format 10*20;76.00;20894_marlboro_gold_100s_10_20.jpg
122;Cigarettes;Marlboro Gold 5*40;Format 5*40;65.00;20960_marlboro_gold_5_40.jpg
123;Cigarettes;Marlboro Gold 6*50;Format 6*50;99.00;22754_marlboro_gold_6_50.jpg
124;Cigarettes;Marlboro Gold 8*25;Format 8*25;76.80;20881_marlboro_gold_8_25.jpg
125;Cigarettes;Marlboro Gold 8*30;Format 8*30;89.60;20959_marlboro_gold_8_30.jpg
126;Cigarettes;Marlboro Red 5*40;Format 5*40;65.00;20985_marlboro_red_5_40.jpg
127;Cigarettes;Marlboro Red 6*50;Format 6*50;99.00;22765_marlboro_red_6_50.jpg
128;Cigarettes;Marlboro Red 8*30;Format 8*30;89.60;20895_marlboro_red_8_30.jpg
129;Cigarettes;Maryland Filtre 8*25;Format 8*25;69.60;20962_maryland_filtre_8_25.jpg
130;Cigarettes;Maya Original Additive Free 10*20;Format 10*20;64.00;21482_maya_original_additive_fr.jpg
131;Cigarettes;Montego Pre-Rolls Lemon Haze X2 1gr;Cartouche;10.00;20711_montego_pre_rolls_lemon_h.jpg
132;Cigarettes;Montego Pre-Rolls Strawberry X2 1gr;Cartouche;10.00;20712_montego_pre_rolls_strawbe.jpg
133;Cigarettes;News Blue 8*25;Format 8*25;60.80;20942_news_blue_8_25.jpg
134;Cigarettes;News Fresh 10*20;Format 10*20;60.00;21051_news_fresh_10_20.jpg
135;Cigarettes;News Red 10*20;Format 10*20;62.00;20930_news_red_10_20.jpg
136;Cigarettes;News Red 100s 10*20;Format 10*20;62.00;21074_news_red_100s_10_20.jpg
137;Cigarettes;News Red 6*50;Format 6*50;87.00;20941_news_red_6_50.jpg
138;Cigarettes;News Red 8*25;Format 8*25;60.80;20976_news_red_8_25.jpg
139;Cigarettes;News Red 8*30;Format 8*30;72.00;20975_news_red_8_30.jpg
140;Cigarettes;Ome Green Superslim 10*20;Format 10*20;58.00;21082_ome_green_superslim_10_20.jpg
141;Cigarettes;Ome Rose Superslim 10*20;Format 10*20;58.00;21226_ome_rose_superslim_10_20.jpg
142;Cigarettes;Ome White Superslim 10*20;Format 10*20;58.00;21028_ome_white_superslim_10_20.jpg
143;Cigarettes;Ome Yellow Superslim 10*20;Format 10*20;58.00;20974_ome_yellow_superslim_10_2.jpg
144;Cigarettes;P Stuyvesant Ks Red 8*25;Format 8*25;73.60;21035_p_stuyvesant_ks_red_8_25.jpg
145;Cigarettes;Pall Mall Additive Free 8*25;Format 8*25;60.80;21066_pall_mall_additive_free_8.jpg
146;Cigarettes;Pall Mall Blue 8*30;Format 8*30;70.40;21034_pall_mall_blue_8_30.jpg
147;Cigarettes;Pall Mall Blue San Francisco 8*25;Format 8*25;60.80;20947_pall_mall_blue_san_franci.jpg
148;Cigarettes;Pall Mall Red 10*20;Format 10*20;62.00;20973_pall_mall_red_10_20.jpg
149;Cigarettes;Pall Mall Red 5*40;Format 5*40;57.00;20886_pall_mall_red_5_40.jpg
150;Cigarettes;Pall Mall Red 6*50;Format 6*50;82.80;22639_pall_mall_red_6_50.jpg
151;Cigarettes;Pall Mall Red 8*25;Format 8*25;60.80;20887_pall_mall_red_8_25.jpg
152;Cigarettes;Pall Mall Red 8*30;Format 8*30;67.20;20955_pall_mall_red_8_30.jpg
153;Cigarettes;Paramount 8*30;Format 8*30;64.80;22650_paramount_8_30.jpg
154;Cigarettes;Philip Morris Filter Kings 10*20;Format 10*20;65.00;20972_philip_morris_filter_king.jpg
155;Cigarettes;Philip Morris Filter Kings 5*40;Format 5*40;63.00;22291_philip_morris_filter_king.jpg
156;Cigarettes;Pueblo Without Additives 10*20;Format 10*20;59.00;21187_pueblo_without_additives_.jpg
157;Cigarettes;Rothmans Red 10*20;Format 10*20;57.00;22128_rothmans_red_10_20.jpg
158;Cigarettes;The King 10*20;Format 10*20;54.00;22645_the_king_10_20.jpg
159;Cigarettes;Vogue Blue 10*20;Format 10*20;75.00;20966_vogue_blue_10_20.jpg
160;Cigarettes;Vogue Pastel 10*20;Format 10*20;75.00;20971_vogue_pastel_10_20.jpg
161;Cigarettes;Vogue Verte Ice 10*20;Format 10*20;75.00;20884_vogue_verte_ice_10_20.jpg
162;Cigarettes;West Red 10*20;Format 10*20;60.00;22788_west_red_10_20.jpg
163;Cigarettes;West Red 6*50;Format 6*50;82.80;21024_west_red_6_50.jpg
164;Cigarettes;West Red 8*25;Format 8*25;56.00;21052_west_red_8_25.jpg
165;Cigarettes;West Red 8*30;Format 8*30;67.20;21113_west_red_8_30.jpg
166;Cigarettes;West Silver 8*25;Format 8*25;56.00;21123_west_silver_8_25.jpg
167;Cigarettes;West Silver 8*30;Format 8*30;67.20;21234_west_silver_8_30.jpg
168;Cigarettes;Winfield Red 8*30;Format 8*30;71.20;20938_winfield_red_8_30.jpg
169;Cigarettes;Winston Black 5*40;Format 5*40;63.00;21150_winston_black_5_40.jpg
170;Cigarettes;Winston Blender 10*20;Format 10*20;65.00;20961_winston_blender_10_20.jpg
171;Cigarettes;Winston Blue 10*20;Format 10*20;65.00;20883_winston_blue_10_20.jpg
172;Cigarettes;Winston Blue 100s 10*20;Format 10*20;65.00;21016_winston_blue_100s_10_20.jpg
173;Cigarettes;Winston Blue 5*40;Format 5*40;63.00;21058_winston_blue_5_40.jpg
174;Cigarettes;Winston Blue 8*25;Format 8*25;64.80;21068_winston_blue_8_25.jpg
175;Cigarettes;Winston Blue 8*30;Format 8*30;78.40;20882_winston_blue_8_30.jpg
176;Cigarettes;Winston Blue S-Line 10*20;Format 10*20;65.00;21282_winston_blue_s_line_10_20.jpg
177;Cigarettes;Winston Red 10*20;Format 10*20;65.00;20986_winston_classic_10_20.jpg
178;Cigarettes;Winston Red 8*25;Format 8*25;64.80;20983_winston_classic_8_25.jpg
179;Cigarettes;Winston Red 8*30;Format 8*30;78.40;20954_winston_classic_8_30.jpg
180;Cigarettes;Winston Red 100s 10*20;Format 10*20;65.00;20916_winston_classic_red_100s_.jpg
181;Cigarettes;Winston Expand 10*20;Format 10*20;65.00;21020_winston_expand_10_20.jpg
182;Cigarettes;Winston Red 5*40;Format 5*40;63.00;20937_winston_red_5_40.jpg
183;Cigarettes;Winston White 8*25;Format 8*25;64.80;20943_winston_white_8_25.jpg
184;Tabac;Ajja 17 Blond 10*50g;Format 10*50;109.00;21303_ajja_17_blond_10_50g.jpg
185;Tabac;Ajja 17 Corse 10*50g;Format 10*50;109.00;21304_ajja_17_corse_10_50g.jpg
186;Tabac;Amber Leaf 10*50;Format 10*50;133.00;20876_amber_leaf_10_50.jpg
187;Tabac;Austin Red Volume Bucket 225;Pot / Blague;32.70;20835_austin_red_volume_bucket_.jpg
188;Tabac;Biggelaars Tobacco Farm 10*50;Format 10*50;75.00;21704_biggelaars_tobacco_farm_1.jpg
189;Tabac;Brandaris 10*50g;Format 10*50;123.00;21388_brandaris_10_50g.jpg
190;Tabac;Camel 250 Bucket;Pot / Blague;41.00;20837_camel_250_bucket.jpg
191;Tabac;Camel Bleu 250 Bucket;Pot / Blague;41.00;20838_camel_bleu_250_bucket.jpg
192;Tabac;Camel Bleue Hvt 125;Pot / Blague;20.60;20839_camel_bleue_hvt_125.jpg
193;Tabac;Camel Blue 175;Pot / Blague;30.00;22656_camel_blue_175.jpg
194;Tabac;Camel Blue 190;Pot / Blague;31.20;20840_camel_blue_190.jpg
195;Tabac;Camel Bucket 400;Pot / Blague;65.40;20841_camel_bucket_400.jpg
196;Tabac;Camel Giga Bucket Hvt 650;Pot / Blague;104.00;20808_camel_giga_bucket_hvt_650.jpg
197;Tabac;Camel Hand Rolling Jaune 10 X 30;Pot / Blague;58.00;20842_camel_hand_rolling_jaune_.jpg
198;Tabac;Camel Hvt 125;Pot / Blague;20.60;20843_camel_hvt_125.jpg
199;Tabac;Camel Myo Expert Cut 300;Pot / Blague;50.40;20845_camel_myo_expert_cut_300.jpg
200;Tabac;Camel Premium Yellow 175;Pot / Blague;30.00;22648_camel_premium_yellow_175.jpg
201;Tabac;Che Brun 200;Pot / Blague;29.00;20846_che_brun_200.jpg
202;Tabac;Cutters Choice 10*50;Format 10*50;132.00;21416_cutters_choice_10_50.jpg
203;Tabac;Drum Original 10*50;Format 10*50;108.00;20847_drum_original_10_50.jpg
204;Tabac;Drum Sky Blue 10*50;Format 10*50;108.00;21814_drum_sky_blue_10_50.jpg
205;Tabac;Ducal Original Blue 200;Pot / Blague;29.00;20848_ducal_original_blue_200.jpg
206;Tabac;Ducal Original Gold 200;Pot / Blague;29.00;20849_ducal_original_gold_200.jpg
207;Tabac;Ducal Original Red 200;Pot / Blague;29.00;20806_ducal_original_red_200.jpg
208;Tabac;Ducal Red Volume 125;Pot / Blague;17.10;20850_ducal_red_volume_125.jpg
209;Tabac;Ducal Volume Jumbo Tobacco 500;Pot / Blague;72.60;20851_ducal_volume_jumbo_tobacc.jpg
210;Tabac;Ducal Volume Tobacco 250;Pot / Blague;36.30;20852_ducal_volume_tobacco_250.jpg
211;Tabac;Elixyr American Blend 10*30;Format 10*30;44.00;20853_elixyr_american_blend_10_.jpg
212;Tabac;Elixyr American Blend 100;Pot / Blague;14.50;20854_elixyr_american_blend_100.jpg
213;Tabac;Elixyr American Blend 300;Pot / Blague;43.50;20855_elixyr_american_blend_300.jpg
214;Tabac;Elixyr Original Blue 300;Pot / Blague;43.50;20857_elixyr_original_blue_300.jpg
215;Tabac;Elixyr Original Red 500;Pot / Blague;72.60;20858_elixyr_original_red_500.jpg
216;Tabac;Elixyr Red Maxx 125;Pot / Blague;18.20;20860_elixyr_red_maxx_125.jpg
217;Tabac;Elixyr Red Mega Maxx 500;Pot / Blague;72.60;20861_elixyr_red_mega_maxx_500.jpg
218;Tabac;Elixyr Red Volume Maxx 400;Pot / Blague;58.00;20862_elixyr_red_volume_maxx_40.jpg
219;Tabac;Elixyr Volume Maxx 250;Pot / Blague;36.30;20863_elixyr_volume_maxx_250.jpg
220;Tabac;Elixyr Volume Maxx 80;Pot / Blague;11.60;20864_elixyr_volume_maxx_80.jpg
221;Tabac;Elixyr Volume Maxx 800;Pot / Blague;116.00;21133_elixyr_volume_maxx_800.jpg
222;Tabac;Elixyr Volume Maxx Blue 250;Pot / Blague;36.30;20865_elixyr_volume_maxx_blue_2.jpg
223;Tabac;Fleur Du Pays Nr 1 10*50;Format 10*50;93.00;20866_fleur_du_pays_nr_1_10_50.jpg
224;Tabac;Fleur Du Pays Nr.1 A. Bl 200;Pot / Blague;34.80;20867_fleur_du_pays_nr_1_a__bl_.jpg
225;Tabac;Gauloises Blond Blue Volume 125;Pot / Blague;20.00;20868_gauloises_blond_blue_volu.jpg
226;Tabac;Gauloises Melange Original Coupe Fine 10*50;Format 10*50;103.00;21053_gauloises_melange_origina.jpg
227;Tabac;Gauloises Melange Original Coupe Fine 200;Pot / Blague;36.00;20869_gauloises_melange_origina.jpg
228;Tabac;Golden Virginia 10*50;Format 10*50;125.00;20870_golden_virginia_10_50.jpg
229;Tabac;Herbz Galaxy Glue 5g;Pot / Blague;16.50;22130_herbz_galaxy_glue_5g.jpg
230;Tabac;Herbz Pineapple Punch 5g;Pot / Blague;16.50;22131_herbz_pineapple_punch_5g.jpg
231;Tabac;Herbz Roll Your Own Cannabis 16g;Pot / Blague;19.50;22786_herbz_roll_your_own_canna.jpg
232;Tabac;Herbz Super Skunk 5g;Pot / Blague;16.50;22129_herbz_super_skunk_5g.jpg
233;Tabac;Interval Blond 10*50g;Format 10*50;77.00;21302_interval_blond_10_50g.jpg
234;Tabac;Interval Blond 250;Pot / Blague;38.00;20871_interval_blond_250.jpg
235;Tabac;Javaanse Jongens 8*50g;Format 8*50;88.00;22240_javaanse_jongens_8_50g.jpg
236;Tabac;John Player Additive Free 100;Pot / Blague;14.50;21149_john_player_additive_free.jpg
237;Tabac;John Player Special Blue Volume Tobacco 250;Pot / Blague;38.00;20872_john_player_special_blue_.jpg
238;Tabac;John Player Special Red 125;Pot / Blague;18.90;20873_john_player_special_red_1.jpg
239;Tabac;John Player Special Red 175;Pot / Blague;27.00;22518_john_player_special_red_1.jpg
240;Tabac;John Player Special Red 300;Pot / Blague;47.00;21111_john_player_special_red_3.jpg
241;Tabac;John Player Special Volume Tobacco 250;Pot / Blague;38.00;21007_john_player_special_volum.jpg
242;Tabac;John Player Special Volume Tobacco 400;Pot / Blague;61.00;21145_john_player_special_volum.jpg
243;Tabac;John Player Special Volume Tobacco 500;Pot / Blague;76.00;21116_john_player_special_volum.jpg
244;Tabac;John Player Special Volume Tobacco 650;Pot / Blague;98.00;20922_john_player_special_volum.jpg
245;Tabac;John Player Special Volume Tobacco 850;Pot / Blague;124.00;21719_john_player_special_volum.jpg
246;Tabac;John Player Special Volume Tobacco 90;Pot / Blague;13.50;21652_john_player_special_volum.jpg
247;Tabac;Jps 8*60;Format 8*60;96.00;21450_jps_8_60.jpg
248;Tabac;Jps Zwaar Xl 8*60g;Format 8*60;99.20;21284_jps_zwaar_xl_8_60g.jpg
249;Tabac;Keops Ab Volume 250;Pot / Blague;34.10;21811_keops_ab_volume_250.jpg
250;Tabac;Keops Ab Volume Xxl 650;Pot / Blague;94.20;21739_keops_ab_volume_xxl_650.jpg
251;Tabac;Keops Bleu Brun 5x50;Pot / Blague;34.25;20363_keops_bleu_brun_5x50.jpg
252;Tabac;Keops Green Pipe 250;Pot / Blague;36.20;21810_keops_green_pipe_250.jpg
253;Tabac;Keops Zware Shag 5x50;Pot / Blague;36.25;20179_keops_zware_shag_5x50.jpg
254;Tabac;Lm Blue Myo 150;Pot / Blague;23.60;22635_lm_blue_myo_150.jpg
255;Tabac;Lm Original Label 250;Pot / Blague;39.00;21031_lm_original_label_250.jpg
256;Tabac;Lm Original Red Myo 150;Pot / Blague;23.60;22063_lm_original_red_myo_150.jpg
257;Tabac;Lm Volume Tobacco 125;Pot / Blague;19.00;21046_lm_volume_tobacco_125.jpg
258;Tabac;Lm Volume Tobacco 250;Pot / Blague;38.00;20918_lm_volume_tobacco_250.jpg
259;Tabac;Lm Volume Tobacco 500;Pot / Blague;75.00;20933_lm_volume_tobacco_500.jpg
260;Tabac;Lm Volume Tobacco 650;Pot / Blague;97.60;20984_lm_volume_tobacco_650.jpg
261;Tabac;Look Out Holland Black 10*50g;Format 10*50;90.00;22255_look_out_holland_black_10.jpg
262;Tabac;Look Out Holland Blue 10*50g;Format 10*50;90.00;22213_look_out_holland_blue_10_.jpg
263;Tabac;Luckies Us Blend 30g;Pot / Blague;6.10;21063_luckies_us_blend_30g.jpg
264;Tabac;Lucky Strike 10*50g;Format 10*50;98.00;21061_lucky_strike_10_50g.jpg
265;Tabac;Lucky Strike Blue Ryo Pouch 10*50;Format 10*50;98.00;22776_lucky_strike_blue_ryo_pou.jpg
266;Tabac;Lucky Strike Giga Bucket 700;Pot / Blague;105.00;20988_lucky_strike_giga_bucket_.jpg
267;Tabac;Lucky Strike Red 250 Bt;Pot / Blague;39.90;21048_lucky_strike_red_250_bt.jpg
268;Tabac;Lucky Strike Red Volume Seau 250;Pot / Blague;37.50;21043_lucky_strike_red_volume_s.jpg
269;Tabac;Lucky Strike Volume 175;Pot / Blague;27.00;21022_lucky_strike_volume_175.jpg
270;Tabac;Lucky Strike Vt Red 500;Pot / Blague;75.00;20989_lucky_strike_vt_red_500.jpg
271;Tabac;Marlboro Fine Red Cut Tobacco 150;Pot / Blague;24.00;21996_marlboro_fine_red_cut_tob.jpg
272;Tabac;Marlboro Gold 300;Pot / Blague;47.70;21045_marlboro_gold_300.jpg
273;Tabac;Marlboro Gold Fine Cut Tobacco 150;Pot / Blague;24.00;21995_marlboro_gold_fine_cut_to.jpg
274;Tabac;Marlboro Red 300;Pot / Blague;47.70;20817_marlboro_red_300.jpg
275;Tabac;Marlboro Red Volume 125;Pot / Blague;20.00;21041_marlboro_red_volume_125.jpg
276;Tabac;Marlboro Volume Tobacco 250;Pot / Blague;38.50;21009_marlboro_volume_tobacco_2.jpg
277;Tabac;Marlboro Volume Tobacco 500;Pot / Blague;76.00;20921_marlboro_volume_tobacco_5.jpg
278;Tabac;Marlboro Volume Tobacco 650;Pot / Blague;98.00;21005_marlboro_volume_tobacco_6.jpg
279;Tabac;News Blue Volume Tobacco 250;Pot / Blague;37.80;21481_news_blue_volume_tobacco_.jpg
280;Tabac;News Red Extra Large Zipbag 200;Pot / Blague;31.50;22638_news_red_extra_large_zipb.jpg
281;Tabac;News Red Volume Tobacco 125;Pot / Blague;19.50;20920_news_red_volume_tobacco_1.jpg
282;Tabac;News Red Volume Tobacco 250;Pot / Blague;39.00;20934_news_red_volume_tobacco_2.jpg
283;Tabac;News Red Volume Tobacco 400;Pot / Blague;62.60;20935_news_red_volume_tobacco_4.jpg
284;Tabac;News Red Volume Tobacco 500;Pot / Blague;78.00;20927_news_red_volume_tobacco_5.jpg
285;Tabac;News Red Volume Tobacco 650;Pot / Blague;102.00;20990_news_red_volume_tobacco_6.jpg
286;Tabac;News Red Volume Tobacco 850;Pot / Blague;126.00;21729_news_red_volume_tobacco_8.jpg
287;Tabac;News Red Volume Tobacco 90;Pot / Blague;12.50;21155_news_red_volume_tobacco_9.jpg
288;Tabac;Pall Mall Allround Full Flavour 500;Pot / Blague;74.60;20917_pall_mall_allround_full_f.jpg
289;Tabac;Pall Mall Authentic Bleu 175;Pot / Blague;27.00;21060_pall_mall_authentic_bleu_.jpg
290;Tabac;Pall Mall Red Dutch Blend 10*50g;Format 10*50;100.00;22239_pall_mall_red_dutch_blend.jpg
291;Tabac;Pall Mall Red Roll 250;Pot / Blague;38.00;21244_pall_mall_red_roll_250.jpg
292;Tabac;Pall Mall Red Us Blend Ryo 10*50;Format 10*50;90.00;22777_pall_mall_red_us_blend_ry.jpg
293;Tabac;Pall Mall Red Volume 175;Pot / Blague;27.00;21248_pall_mall_red_volume_175.jpg
294;Tabac;Pall Mall Red Volume 700;Pot / Blague;104.00;21006_pall_mall_red_volume_700.jpg
295;Tabac;Pall Mall Vt 250 Seau;Pot / Blague;37.00;20925_pall_mall_vt_250_seau.jpg
296;Tabac;Paramount Red Extra 600;Pot / Blague;87.00;22138_paramount_red_extra_600.jpg
297;Tabac;Pueblo Blue 10*30;Format 10*30;62.00;20878_pueblo_blue_10_30.jpg
298;Tabac;Pueblo Pink 10*30;Format 10*30;62.00;22767_pueblo_pink_10_30.jpg
299;Tabac;Pueblo Without Additives 10*30;Format 10*30;62.00;21062_pueblo_without_additives_.jpg
300;Tabac;Pueblo Without Additives 100;Pot / Blague;19.90;21153_pueblo_without_additives_.jpg
301;Tabac;Samson 10*50;Format 10*50;110.00;21032_samson_10_50.jpg
302;Tabac;Sauvage Blond 10*30;Format 10*30;47.00;21152_sauvage_blond_10_30.jpg
303;Tabac;Sauvage Blond 80;Pot / Blague;11.70;21112_sauvage_blond_80.jpg
304;Tabac;Tabac Special Gout Francais 200;Pot / Blague;29.20;21262_tabac_special_gout_franca.jpg
305;Tabac;Tabac Special Gout Francais 5*50;Format 5*50;36.00;21451_tabac_special_gout_franca.jpg
306;Tabac;Texas Blue 10*50;Format 10*50;90.00;21135_texas_blue_10_50.jpg
307;Tabac;Texas Dark 10*50;Format 10*50;90.00;21033_texas_dark_10_50.jpg
308;Tabac;Turner Blue Label 5*50;Format 5*50;36.50;20877_turner_blue_label_5_50.jpg
309;Tabac;Van Nelle Stevige Shag 10*50;Format 10*50;120.00;21029_van_nelle_stevige_shag_10.jpg
310;Tabac;Van Nelle Zware Shag 10*50;Format 10*50;123.00;20931_van_nelle_zware_shag_10_5.jpg
311;Tabac;West Red 125;Pot / Blague;18.00;21230_west_red_125.jpg
312;Tabac;West Red 175;Pot / Blague;26.00;22274_west_red_175.jpg
313;Tabac;West Red Special Cut 400;Pot / Blague;58.00;20987_west_red_special_cut_400.jpg
314;Tabac;West Red Xxl 650;Pot / Blague;95.00;20924_west_red_xxl_650.jpg
315;Tabac;West Silver 170;Pot / Blague;22.40;20914_west_silver_170.jpg
316;Tabac;West Special Cut F P 100;Pot / Blague;13.70;21394_west_special_cut_f_p_100.jpg
317;Tabac;West Yellow 125;Pot / Blague;18.00;20915_west_yellow_125.jpg
318;Tabac;West Yellow 400;Pot / Blague;56.00;22137_west_yellow_400.jpg
319;Tabac;Winston Blau 10x50;Pot / Blague;86.00;20945_winston_blau_10x50.jpg
320;Tabac;Winston Blue 100;Pot / Blague;15.90;20879_winston_blue_100.jpg
321;Tabac;Winston Blue 170;Pot / Blague;27.20;20880_winston_blue_170.jpg
322;Tabac;Winston Blue Hvt Bucket 400;Pot / Blague;63.20;20923_winston_blue_hvt_bucket_4.jpg
323;Tabac;Winston Classic Cut For Tubing 125;Pot / Blague;19.60;20929_winston_classic_cut_for_t.jpg
324;Tabac;Winston Classic Special Cut For Tubing 100;Pot / Blague;15.90;21110_winston_classic_special_c.jpg
325;Tabac;Winston Expert Blue 175;Pot / Blague;29.20;22649_winston_expert_blue_175.jpg
326;Tabac;Winston Expert Cut Blue 300;Pot / Blague;49.30;21159_winston_expert_cut_blue_3.jpg
327;Tabac;Winston Expert Red 175;Pot / Blague;29.20;22647_winston_expert_red_175.jpg
328;Tabac;Winston Fresh Pack Red 150;Pot / Blague;23.70;21183_winston_fresh_pack_red_15.jpg
329;Tabac;Winston Myo 300;Pot / Blague;49.30;20936_winston_myo_300.jpg
330;Tabac;Winston Red 400;Pot / Blague;63.20;21008_winston_red_400.jpg
331;Tabac;Winston Red Bucket 500;Pot / Blague;79.40;20926_winston_red_bucket_500.jpg
332;Tabac;Winston Red Giga Bucket 650;Pot / Blague;101.00;20885_winston_red_giga_bucket_6.jpg
333;Tabac;Winston Rot 10x50;Pot / Blague;86.00;20944_winston_rot_10x50.jpg
334;Tabac;Winston Volume Blue 250;Pot / Blague;39.50;21042_winston_volume_blue_250.jpg
335;Tabac;Winston Volume Red 250;Pot / Blague;39.50;20928_winston_volume_red_250.jpg
336;Tabac;Zilver Zwaar By Drum 8*60;Format 8*60;90.40;21449_zilver_zwaar_by_drum_8_60.jpg
337;Cigares;Agio Meharis Ecuador 20;Cigare;10.10;19733_agio_meharis_ecuador_20.jpg
338;Cigares;Agio Meharis Java 20;Cigare;10.10;22457_agio_meharis_java_20.jpg
339;Cigares;Agio Meharis Sweet Orient 20;Cigare;9.70;19734_agio_meharis_sweet_orient.jpg
340;Cigares;Al Capone Duo Filter 18;Cigare;5.30;22015_al_capone_duo_filter_18.jpg
341;Cigares;Al Capone Pockets Flame Filter 18;Cigare;5.50;21853_al_capone_pockets_flame_f.jpg
342;Cigares;Al Capone Pockets Original Filter 18;Cigare;5.30;21855_al_capone_pockets_origina.jpg
343;Cigares;Alec Bradley Black Market Gordo;Cigare;12.00;22519_alec_bradley_black_market.jpg
344;Cigares;Alec Bradley Black Market Robusto;Cigare;10.00;22520_alec_bradley_black_market.jpg
345;Cigares;Alec Bradley Chunk Maduro Xl;Cigare;9.40;22517_alec_bradley_chunk_maduro.jpg
346;Cigares;Balmoral Puro Nicaragua Roth Masivo;Cigare;7.50;21161_balmoral_puro_nicaragua_r.jpg
347;Cigares;Cao Brazilia Gol;Cigare;9.40;14578_cao_brazilia_gol.jpg
348;Cigares;Cao Medio Tiempo Robusto;Cigare;9.40;21919_cao_medio_tiempo_robusto.jpg
349;Cigares;Cao Pilon Robusto;Cigare;8.30;17114_cao_pilon_robusto.jpg
350;Cigares;Cao Pilon Robusto Extra Freshpack 3;Cigare;24.00;21792_cao_pilon_robusto_extra_f.jpg
351;Cigares;Cao Pilon Toro;Cigare;8.70;18151_cao_pilon_toro.jpg
352;Cigares;Clubmaster 20 Mini Filter Iceland 224;Cigare;6.50;22390_clubmaster_20_mini_filter.jpg
353;Cigares;Clubmaster Mini Filter 20;Cigare;6.80;21475_clubmaster_mini_filter_20.jpg
354;Cigares;Clubmaster Superior Vanilla Filter 20;Cigare;7.30;21272_clubmaster_superior_vanil.jpg
355;Cigares;Clubmaster Superior Vanilla Mini 20;Cigare;6.80;21100_clubmaster_superior_vanil.jpg
356;Cigares;Cortes Amigos Cigarros 50;Cigare;18.50;19068_cortes_amigos_cigarros_50.jpg
357;Cigares;Cortes Amigos Original 50;Cigare;19.00;19070_cortes_amigos_original_50.jpg
358;Cigares;Cortes Classic 25;Cigare;27.00;18887_cortes_classic_25.jpg
359;Cigares;Cortes Club 25;Cigare;33.50;18911_cortes_club_25.jpg
360;Cigares;Cortes Milord 25;Cigare;29.00;15644_cortes_milord_25.jpg
361;Cigares;Cortes Mini 50;Cigare;28.50;19061_cortes_mini_50.jpg
362;Cigares;Cortes Presidency 25;Cigare;39.50;19062_cortes_presidency_25.jpg
363;Cigares;Cortes Selection 20;Cigare;44.00;18913_cortes_selection_20.jpg
364;Cigares;Cubanos Cigarillos 50;Cigare;14.00;20671_cubanos_cigarillos_50.jpg
365;Cigares;Cubanos Half Corona 25;Cigare;12.00;20100_cubanos_half_corona_25.jpg
366;Cigares;Cubanos Wilde Senoritas 50;Cigare;16.00;22535_cubanos_wilde_senoritas_5.jpg
367;Cigares;Cubanos Wilde Spriet 50;Cigare;14.70;20364_cubanos_wilde_spriet_50.jpg
368;Cigares;Danneman 20 Moods;Cigare;8.00;20330_danneman_20_moods.jpg
369;Cigares;Danneman Mini Moods Double Filter 20;Cigare;7.90;20326_danneman_mini_moods_doubl.jpg
370;Cigares;Danneman Moods Filtre 20;Cigare;8.10;20332_danneman_moods_filtre_20.jpg
371;Cigares;Danneman Moods Gold Filtre 20;Cigare;8.10;21859_danneman_moods_gold_filtr.jpg
372;Cigares;Danneman Moods Silver Filtre 20;Cigare;7.60;21861_danneman_moods_silver_fil.jpg
373;Cigares;Danneman Moods Sunshine Filtre 20;Cigare;7.90;21863_danneman_moods_sunshine_f.jpg
374;Cigares;Don Tomas Bundle Robusto 10;Cigare;28.40;20646_don_tomas_bundle_robusto_.jpg
375;Cigares;Don Tomas Bundle Rothschild 10;Cigare;26.50;18150_don_tomas_bundle_rothschi.jpg
376;Cigares;Don Tomas Clasico Robusto;Cigare;5.50;20473_don_tomas_clasico_robusto.jpg
377;Cigares;Don Tomas Clasico Rothschild;Cigare;5.20;14572_don_tomas_clasico_rothsch.jpg
378;Cigares;Don Tomas Corojo;Cigare;6.00;20002_don_tomas_corojo.jpg
379;Cigares;Don Tomas Nicaragua Robusto;Cigare;6.10;14573_don_tomas_nicaragua_robus.jpg
380;Cigares;Don Tomas Nicaragua Rothschild;Cigare;5.50;17688_don_tomas_nicaragua_roths.jpg
381;Cigares;Don Tomas Nicaragua Toro;Cigare;6.90;18376_don_tomas_nicaragua_toro.jpg
382;Cigares;El Dorado Cigarillos 50;Cigare;14.90;21857_el_dorado_cigarillos_50.jpg
383;Cigares;El Dorado Half Corona 25;Cigare;12.70;20334_el_dorado_half_corona_25.jpg
384;Cigares;El Dorado Senoritas 50;Cigare;15.70;20335_el_dorado_senoritas_50.jpg
385;Cigares;Handelsgold Blond 5;Cigare;1.50;21274_handelsgold_blond_5.jpg
386;Cigares;Handelsgold Blue 5;Cigare;1.50;21221_handelsgold_blue_5.jpg
387;Cigares;Handelsgold Green 5;Cigare;1.50;21102_handelsgold_green_5.jpg
388;Cigares;Handelsgold Red 5;Cigare;1.50;21223_handelsgold_red_5.jpg
389;Cigares;Handelsgold Sun 5;Cigare;1.50;21225_handelsgold_sun_5.jpg
390;Cigares;Keops Corona 5;Cigare;5.50;20254_keops_corona_5.jpg
391;Cigares;Keops Corona Brasil 5;Cigare;5.50;20252_keops_corona_brasil_5.jpg
392;Cigares;La Estrella Polar Gigante;Cigare;4.00;20442_la_estrella_polar_gigante.jpg
393;Cigares;La Estrella Solar Robusto;Cigare;3.80;21565_la_estrella_solar_robusto.jpg
394;Cigares;Macanudo Emissary Espania Robusto;Cigare;12.30;22750_macanudo_emissary_espania.jpg
395;Cigares;Macanudo Inspirado White Robusto;Cigare;6.70;18723_macanudo_inspirado_white_.jpg
396;Cigares;Macanudo Inspirado White Robusto Freshpack 3;Cigare;20.10;21793_macanudo_inspirado_white_.jpg
397;Cigares;Macanudo Vintage 2013 Mad Toro Grande;Cigare;16.70;21796_macanudo_vintage_2013_mad.jpg
398;Cigares;Neos Mini Java 20;Cigare;7.20;15646_neos_mini_java_20.jpg
399;Cigares;Neos Mini White Filter 20;Cigare;6.50;21477_neos_mini_white_filter_20.jpg
400;Cigares;San Pedro De Macoris Brazil Robusto;Cigare;5.80;19840_san_pedro_de_macoris_braz.jpg
401;Cigares;San Pedro De Macoris Ecuador Robusto;Cigare;5.80;19839_san_pedro_de_macoris_ecua.jpg
402;Cigares;San Pedro De Macoris Nicaragua Robusto;Cigare;5.50;19838_san_pedro_de_macoris_nica.jpg
403;Cigares;San Pedro De Macoris Sungrown Robusto;Cigare;5.50;21887_san_pedro_de_macoris_sung.jpg
404;Cigares;Silencio Red Dot Robusto;Cigare;10.50;20399_silencio_red_dot_robusto.jpg
405;Cigares;Toscanello 5;Cigare;5.80;21865_toscanello_5.jpg
406;Cigares;Toscanello Bianco Raffinato 5;Cigare;6.00;21867_toscanello_bianco_raffina.jpg
407;Cigares;Toscanello Castano Raffinato 5;Cigare;6.00;21869_toscanello_castano_raffin.jpg
408;Cigares;Toscanello Giallo 5;Cigare;5.80;21871_toscanello_giallo_5.jpg
409;Cigares;Toscanello Rosso 5;Cigare;5.80;21873_toscanello_rosso_5.jpg
410;Cigares;Toscanello Verde 5;Cigare;5.80;21875_toscanello_verde_5.jpg
411;Cigares;Toscano Classico 5;Cigare;8.30;22155_toscano_classico_5.jpg
412;Cigares;Toscano Robusto 4;Cigare;12.80;22133_toscano_robusto_4.jpg
